,name
0,t3_15ac8c0
1,t3_14swhop
2,t3_sfzm8d
3,t3_143ww6v
4,t3_w83en7
5,t3_tdif8i
6,t3_qdfet9
7,t3_rixnfd
8,t3_gcsnoh
9,t3_163cwmm
10,t3_u22bea
11,t3_hnn98i
12,t3_ozxe15
13,t3_rt59z9
14,t3_trv100
15,t3_10m2qk1
16,t3_1382ubj
17,t3_yy548u
18,t3_kbpuf5
19,t3_pkt909
20,t3_k8gq9p
21,t3_15z67q5
22,t3_s0r3xz
23,t3_vqw86i
24,t3_12y4xbi
25,t3_18f3m6z
26,t3_jm9yvb
27,t3_162eaui
28,t3_143jj2m
29,t3_ytj88q
30,t3_15na8ga
31,t3_yydlee
32,t3_gth08o
33,t3_jqkmve
34,t3_vghg8x
35,t3_m2ooaz
36,t3_uah7iw
37,t3_16r7kwm
38,t3_rnv1ep
39,t3_kd6w5g
40,t3_t2eqor
41,t3_uyll2n
42,t3_m3wt88
43,t3_ub9fe3
44,t3_udqvxy
45,t3_uo7686
46,t3_wtp1gy
47,t3_js9iiz
48,t3_13td04r
49,t3_11488b6
50,t3_y6lenu
51,t3_v6y9fy
52,t3_mph3s2
53,t3_j22vef
54,t3_gifaym
55,t3_nmabt4
56,t3_14ryno7
57,t3_uw7zdd
58,t3_h80sis
59,t3_14yekkx
60,t3_zktkd0
61,t3_x4uitm
62,t3_yadjpb
63,t3_159zzxq
64,t3_17y3yqc
65,t3_oyevve
66,t3_ifylr0
67,t3_xcimdn
68,t3_15q4na7
69,t3_tglt46
70,t3_x943wo
71,t3_hu9k3h
72,t3_ken6r1
73,t3_111lry7
74,t3_v7t4rw
75,t3_nx7581
76,t3_qy6gyx
77,t3_tzle0u
78,t3_gykr20
79,t3_169jlx7
80,t3_ode71y
81,t3_r264u6
82,t3_wpdge7
83,t3_va2rfd
84,t3_niphnp
85,t3_gjo8rw
86,t3_12jxi47
87,t3_m981bz
88,t3_lz5e18
89,t3_mokz7i
90,t3_1457cbg
91,t3_13n3rdj
92,t3_m79rnd
93,t3_zm8ue2
94,t3_12l8hk2
95,t3_w71yq5
96,t3_stmb2v
97,t3_is0wlo
98,t3_18dinbk
99,t3_khy82j
100,t3_so1xfp
101,t3_158cksh
102,t3_xin23s
103,t3_13r6ybi
104,t3_173qyb5
105,t3_16wqejv
106,t3_krdy2t
107,t3_15ooz05
108,t3_ynyb5y
109,t3_yrrqv3
110,t3_skivbh
111,t3_zn4vv3
112,t3_qbxwh6
113,t3_w1z2dq
114,t3_18ab296
115,t3_10tuooa
116,t3_pqccyg
117,t3_vibvqj
118,t3_z7qcff
119,t3_qpyo2o
120,t3_l09un6
121,t3_hhtofh
122,t3_17h9i7u
123,t3_wydhrj
124,t3_uv49ao
125,t3_uj1c8a
126,t3_lwk30x
127,t3_vi4jsn
128,t3_jv8r4e
129,t3_hyy8kq
130,t3_17d1hfq
131,t3_yq0dbt
132,t3_gimoxo
133,t3_hzj2en
134,t3_i5lth4
135,t3_rsfd8h
136,t3_z8t2cf
137,t3_w5kuaq
138,t3_qwdp2o
139,t3_nlx53g
140,t3_1276yfc
141,t3_sk0bsy
142,t3_10c8rz6
143,t3_hcmou9
144,t3_11beitk
145,t3_13ef3iq
146,t3_ygsojy
147,t3_gqatf2
148,t3_11v1xhk
149,t3_sw1liy
150,t3_i5lbbs
151,t3_jtsk8n
152,t3_iohckv
153,t3_kzn6s0
154,t3_jpjucs
155,t3_13fzo6r
156,t3_184r1z0
157,t3_zlm7rx
158,t3_18iznz8
159,t3_15xjcqg
160,t3_zv8bko
161,t3_wcupxu
162,t3_k3bhjs
163,t3_13ncbfy
164,t3_14ete60
165,t3_gxzlxr
166,t3_15k1w60
167,t3_zpkzuz
168,t3_181futy
169,t3_pmu3ep
170,t3_gtdg7j
171,t3_t6x1fm
172,t3_15yc9m5
173,t3_jlnwge
174,t3_wbzaq7
175,t3_t2vykd
176,t3_15iy5xp
177,t3_14gpfpp
178,t3_ulgxau
179,t3_17av3by
180,t3_11rcotd
181,t3_16eh7mx
182,t3_ox5z73
183,t3_vbvnk7
184,t3_latqew
185,t3_102uwnx
186,t3_156ac4o
187,t3_ikuvcm
188,t3_ymvp1h
189,t3_un9k2y
190,t3_wom173
191,t3_hsswqw
192,t3_jc6skx
193,t3_vfq7zz
194,t3_17d6pid
195,t3_j36voz
196,t3_ssrgy8
197,t3_oh45pk
198,t3_vp8314
199,t3_kv748l
